TagName;Count
.net;807
asp.net-web-api;158
delphi;113
c++;2347
string;586
casting;15
google-maps;475
angularjs;1414
jasmine;6
karma-jasmine;4
typescript;602
perl;55
ios;545
xcode;334
elixir;3
javascript;15829
ruby-on-rails;579
ruby;366
vistas;56
jquery;6960
android;7273
socket;170
tcpip;12
tcp;27
mysql;7846
datetime;211
timestamp;45
sql;4981
join;141
oracle;847
oracle-10g;21
asp.net;1953
bower;13
c++11;124
google-apps-script;180
momentjs;45
http;233
post;252
kendoui;16
bash;397
c#;7985
java;12407
spring;501
hibernate;319
python;6072
variables;296
git;433
commit;8
laravel;3195
php;17321
ajax;2980
html;8537
css;3625
fish;2
android-intent;107
android-asynctask;132
linux;975
shell;173
sed;29
awk;27
android-layout;489
unidades-de-medici¢n;3
pharo;2
smalltalk;4
regex;593
email;316
validaci¢n;267
rendimiento;52
optimizaci¢n;82
wcf;108
soap;204
soapui;21
try-catch;40
str-replace;29
git-commit;32
dukescript;3
admob;40
funciones;474
jvm;12
eclipse;479
depuraci¢n;27
jboss;42
vagrant;26
puppet;1
doctrine;46
doctrine2;48
matem ticas;95
coma-flotante;12
laravel-5;1695
zsh;4
django;1444
constructor;63
clase-abstracta;33
mercurial;3
control-de-versiones;24
pip;46
ubuntu;486
python-2.7;553
entity-framework;330
model-view-controller;51
formularios;569
html5;3066
comparaciones;51
knockoutjs;22
css3;1186
3d;15
importaci¢n;40
numpy;173
array;1817
google-newsstand-producer;1
objective-c;94
swift;473
visual-studio;1009
programaci¢n-funcional;74
android-softkeyboard;10
nodejs;1666
ec2;21
npm;187
aurelia.io;2
select2;89
rspec;7
python-3.x;2193
xml;797
codificaci¢n;59
utf-8;99
cordova;192
algoritmos;260
condiciones;193
loops;154
licencias;22
c¢digo-abierto;1
json;2087
gson;47
sql-server;2685
youtube;37
verilog;6
netbeans;620
plugin;100
c;1478
manejo-de-memoria;80
pdf;406
reportlab;22
azure;106
maven;156
android-auto;1
spring-roo;13
gvnix;19
punteros;158
excepciones;141
office365;19
mongodb;494
genexus;110
devices;6
sequelize.js;29
struts;35
hql;27
jpa;244
seam;3
dom;185
excel;768
vba;421
directorioactivo;27
smartcard;8
java-ee;257
servlets;187
yii2;108
lenguaje-agn¢stico;45
google-hoja-de-c lculo;169
archivo;365
object;134
sandbox;6
seguridad;135
djangorestframework;116
api;643
permisos;82
signalr;31
real-time;22
hilos;273
matrices-asociativas;7
ordenamiento;90
booleano;35
conda;9
matplotlib;131
pyqt5;159
embebido;26
pouchdb;1
github;176
git-push;60
git-fork;5
sharepoint;31
sharepoint-online;14
go;51
servicio;111
ssis;33
conversi¢n-de-tipos;46
i18n;9
ide;46
google-forms;21
uiwebview;6
ios8;8
sublimetext;24
sublimetext3;70
phpmyadmin;688
clase;168
m‚todo;147
rsync;9
depurar;13
asp.net-core;201
yii;41
yiibooster;1
cache;59
wordpress;1011
android-sqlite;149
haskell;71
estructuras-de-datos;184
pillow;7
tipos;15
navigationview;24
unix;95
grep;28
ascii;40
wpf;284
xaml;106
asincronismo;44
indexeddb;12
vb.net;1095
nosql;39
reactjs;637
reflexi¢n;8
automapper;13
xpath;54
poo;591
thymeleaf;49
vpn;20
django-models;270
users-roles;29
nginx;109
logrotate;1
configuraci¢n;46
perl6;3
asp.net-mvc-5;660
razor;195
osx;22
rss;10
windows-forms;806
latex;31
r;733
ggplot2;57
ms-access-2010;44
jersey;20
atmosphere;2
swagger;18
abap;5
postgresql;818
rodbc;2
java-8;170
bigdecimal;12
redondeo;13
double;41
nuget;17
web2py;21
magento2;27
backbone;12
bootstrap;1639
apache-poi;57
ssms;17
swift2;172
tsql;69
azure-storage;8
sqlite3;76
bookmarklet;1
gmail;65
lista;520
windows;525
avd;10
firebird;38
facebook;132
internet-explorer-11;16
asp.net-mvc;946
yield;5
visual-studio-2010;41
wolfram-mathematica;2
multitasking;13
underscorejs;6
jboss-eap;8
ember.js;6
corona;3
clojure;2
consola;126
proceso;31
paso-por-valor;6
paso-por-referencia;14
debian;104
ntfs;1
qt;226
jquery-datepicker;49
google-drive;56
couchdb;5
jdbc;128
firebase;890
meteor;34
cuenta-usuario;20
spring-mvc;169
seo;75
joomla3;49
sqlfiddle;4
jsf;379
primefaces;266
localizaci¢n;13
base64;68
mysqli;1137
motor-de-juego;20
xhtml;56
oracle-11g;216
codeigniter;615
codeigniter-3;166
jquery-mobile;27
makefile;21
ionic;595
visual-studio-2015;333
arduino;173
gstreamer;4
unity3d;178
eventos;190
dns;69
iana;1
2d;9
google-chrome;103
oauth;28
android-studio;3070
clickonce;7
deployment;40
alfresco;5
ftp;100
jsfiddle;7
scss;61
uwp;54
celery;6
io;11
powershell;97
sass;70
gulp;53
gulp-sass;8
hapijs;1
gradle;122
operador;52
webgl;7
google-datastore;6
google-app-engine;41
objectify;2
constantes;9
tkinter;321
linq;303
apache;461
base-de-datos;1719
dup;1
subversion;4
svn;10
parse.com;11
highcharts;128
azure-redis;2
split;60
entity-framework-6;134
ingenier¡a-inversa;4
binding;33
mvvm;52
swt;2
.htaccess;343
redirecci¢n;78
reescritura-url;12
mod-rewrite;46
pm2;3
pycharm;28
linq-to-sql;43
dbml;1
windows-installer;14
scala;32
internet-explorer;51
internet-explorer-9;6
sqlite;397
spring-security;63
windows10;129
conflictos;3
visual-studio-2013;74
revisi¢n-de-c¢digo;121
google-visualization;25
angular-directivas;68
ecmascript-2015;32
c++98;15
express;363
gpg;5
intellij;47
javadoc;2
registro-windows;9
less;10
asp;226
midi;1
bundler;5
gemfile;5
filtros-css;4
d3.js;38
plsql;214
sqldeveloper;33
docker;151
lyx;2
iis;169
azul-zulu;2
drools;4
rabbit-mq;3
amcharts;11
geo-localizacion;87
java-9;8
spring-webflow;1
as400;9
jsp;504
cq5;2
aem;2
tinymce;20
pygame;52
ponyorm;2
bottle;5
test-ng;15
django-admin;65
django-forms;185
di logo;40
tweepy;17
symfony2;149
fullcalendar;105
internacionalizaci¢n;8
rest;304
xstream;2
spring-tool-suite;27
aplicaci¢n-web;250
iron-router;2
java-swing;517
requirejs;8
babeljs;16
javafx;254
bootstrap-carousel;35
asterisk;7
lazarus;6
angularjs-2.0;284
pagejs;1
material-design-lite;12
jade;39
android-glide;22
zip;47
curl;136
mono;12
zepto;1
groovy;28
serializaci¢n;67
sailsjs;19
genymotion;13
crystal-reports;128
twitter-api;37
wasync;1
ms-acces-2007;6
ensamblador;67
masm;7
selenium;153
xamarin;277
moodle;27
md5;22
encriptaci¢n;81
jboss-as-7;4
inyeccion-de-dependencias;22
datepicker;143
libgdx;23
sync-framework;2
interop;25
gen‚ricos;4
extjs;48
autocompletar;51
jquery-ui;105
jspdf;41
fecha;194
android-drawerlayout;33
drag-and-drop;29
agarrar-y-soltar;1
django-smart-selects;4
oauth2;39
formulas;34
date;265
animaci¢n;63
pyqt;106
bluetooth;74
odoo;69
 lgebra-relacional;3
prestashop;101
odata;8
apache-shiro;1
materialize;146
wso2;7
kerberos;2
java-stream;13
magento-1.9;6
eficiencia;21
angularjs-injector;6
richfaces;8
unreal-engine;5
soundpool;3
slack-api;3
 rboles;19
 rboles-binarios;41
webpack;80
wireshark;6
twig;55
indices;23
autenticaci¢n;80
handlebars.js;16
plotly;3
reportviewer;90
lua;31
polymer;25
hashmap;41
map;74
bitmap;51
jquery-validate;74
mybatis;9
spritekit;9
rubygems;61
electron;45
google-plus;3
google+;6
grails;40
heroku;79
generator;5
paypal;43
matlab;83
modulaci¢n;3
frecuencia;5
local-storage;60
jenkins;29
react-native;221
angular2-template;21
trigger;194
intel-xdk;4
sobrecarga;12
mongoose;188
jasper-reports;129
dise¤o;80
windows-phone;12
typings;4
vscode;48
android-viewpager;34
herencia;92
reflection;18
cabeceras-http;20
devexpress;69
adword;4
setinterval;32
odbc;51
xampp;292
ejb;48
atom-editor;30
openlayers;37
openlayers-3;13
zend;27
websocket;54
progressbar;47
coffeescript;7
pdo;464
cms;21
visual-c++;30
dev-c++;101
svg;85
zoom;17
viewport;6
scale;3
sencha-touch;5
anaconda;34
bitbucket;25
material-design;79
phonegap;69
wildfly;35
jmc;1
cmd;217
visual-studio-ts;1
transacciones;51
.htpasswd;4
picturebox;24
webbrowser;33
quicksort;13
ordenaci¢n;9
prolog;62
unity2d;50
preprocesador;5
glassfish;73
opengraph;4
ng-cordova;21
recyclerview;191
xamarin.forms;183
kivy;44
socket.io;66
vue.js;670
jqgrid;25
firefox;82
jsonp;19
tomcat;193
cucumber;7
x86;9
autofac;2
csv;289
ldap;24
openldap;6
google-play;74
gps;54
cython;1
crontab;39
ant;4
winapi;18
netcdf4;3
lambda;50
inyecci¢n-sql;9
jersey2;3
pfsense;3
gpl;3
arcgis;7
julia;6
webservice;715
emmet;3
layout;85
profiler;1
foundation;9
ngroute;14
httpd;8
centos;87
wav;4
realm;25
android-widget;12
alertdialog;59
stylus;4
laravel-4;30
gridview;108
jooq;1
mariadb;206
virtualbox;48
multichoice;6
pyinstaller;25
twitter;38
facebook-api;67
adfs;4
searchview;22
arrayadapter;23
jboss-5.x;2
powerbuilder;13
push-notification;92
sharedpreferences;46
promesas;92
markdown;10
xlrd;3
listview;208
edittext;64
android-fragment;297
scroll;112
formas;1
canvas;180
apache-spark;27
combobox;110
grid;33
log4j;18
spring-boot;285
alamofireimage;2
uitableviewcontroller;7
asm-pic;1
required;12
rust;2
diagrama-de-flujo;11
uitableview;24
enum;27
template;84
gtk;27
mpdf;31
gif;13
app;139
docx;13
c++1z;6
c++-faq;1
est ndares;7
google-places;9
sha512;2
div;119
accordion;11
iteraciones;11
login;278
android-jellybean;2
criptograf¡a;19
firma-digital;38
men£;142
atmel;3
wikitude;2
smartgwt;5
whatsapp;36
c3.js;5
jupyter;65
ipython;20
uicollectionview;13
factorial;9
safari;32
buscador;50
mapsforge;4
constraints;13
snapkit;1
delphi-2010;20
webview;83
scrapy;44
adobe-muse;3
regsvr32;2
oracle-sqldeveloper;134
css-transform;15
volatile;3
back-button;7
parsear;41
webview-android;53
arquitectura;18
cast;31
wordpress-theme;95
pic;10
ccs;17
querystring;7
cocoapods;9
jwt;64
ksoap;11
ssrs;24
digitalocean;16
pascal;51
video-adaptativo;4
hls;1
symfony3;144
webforms;179
response;17
callback;31
agregaci¢n;6
aws;79
orm;67
cil;2
arm;10
intel-atom;1
mvc;705
mootools;1
namespace;18
python-2.x;87
management-studio;8
websphere;10
teor¡a;5
windows-mobile;10
flask;124
almacenamiento;11
url;190
instagram-api;12
cakephp;120
blob;35
descarga;40
session;172
ngresource;2
restful;46
google-play-games;7
jxl;1
nsdata;1
qt-creator;30
openerp;9
pandas;369
alamofire;14
data-atributos;8
impresi¢n;50
entrada;143
azure-sql;8
ui.router;8
websphere-mq;8
navegador-web;38
vim;13
programaci¢n-m¢vil;103
gentoo;2
woocommerce;141
lenguaje-compilado;8
gwt;2
appcelerator;4
cloud9;3
appinventor;12
framework7;23
scanner;33
ada;2
gnat;1
emacs;7
love2d;2
sap;40
jco;1
scipy;23
screenshot;12
blur;6
popup;36
oledb;25
postgresql-9.3;59
drupal;36
ms-word;29
router;50
snap.svg;2
datatables;598
fax;1
tensorflow;32
google-play-services;23
mac-os;96
web;610
android-permissions;23
nhibernate;10
d3-v4.js;8
controller;131
odac;5
extensi¢n-google-chrome;30
firefox-webextensions;6
cakephp-bake;8
virtualizaci¢n;23
qml;6
redes;68
swift3;167
puertos;42
redes-neuronales;21
inteligencia-artificial;24
pretty-urls;22
fgets;9
sesiones;71
tokens;43
accesibilidad;5
nasm;10
grocery-crud;14
stdin;9
express-session;11
sqlalchemy;36
proxy;29
nodemailer;14
c¢digo-de-barras;9
angularjs-scope;20
drupal7;18
google-calendar;15
exe;26
phalcon;27
rgba;4
xmpp;12
qpython;4
telnet;13
flexbox;55
google-developers-console;11
google-cloud-platform;50
android-volley;75
sourcetree;9
android-imageview;67
laravel-excel;23
unity;137
material;14
jquery-plugins;12
codeblocks;44
prototipos;14
firewall;11
ejabberd;6
moodle-api;6
collectionjs;7
weblogic;46
ecmascript;10
unicode;37
localtime;5
.asmx;19
backend;56
redis;15
localdate;3
docker-compose;42
itext;39
dynamics-ax;4
dreamweaver;7
cli;18
sax;7
ingenieria-del-software;15
variables-globales;47
patrones-de-dise¤o;51
modal;219
freepascal;14
bottombar;10
skype;2
itunes;5
sql-server-2005;14
vbscript;40
tapestry;1
retrofit;75
navigation;18
baseadapter;9
openssl;29
vr;5
pcre;6
sql-server-2008;108
samba;7
fedora;14
microsoft-office;35
sql-server-2008-r2;33
aptana;1
fxml;18
interfaz-gr fica;146
informix;14
amazon-rds;3
odp.net;2
phpexcel;126
itextsharp;81
aplicaci¢n-escritorio;28
telerik;15
actionbar;15
batch;168
ado.net;40
pseint;22
toolbar;24
ciclos;38
ocr;17
onbackpressed;6
dependencias;19
textview;57
matrices;215
scope;23
model;55
pgadmin;40
sqldatatypes;5
game;19
outlook;35
iteradores;14
google-analytics;26
stream;37
par metros;13
sql-server-2000;4
laravel-blade;211
c mara;22
sql-server-2012;102
calendar;43
google-fonts;8
activity;129
phpmailer;162
ostream;1
pods;4
compilador;45
cookies;72
cursor;33
adb;18
appserv;3
android-wear;6
desofuscaci¢n;4
ms-access;188
ckeditor;35
https;83
spring-data;9
blender;7
jira;3
yacc;1
printf;15
http-post;41
http-get;28
teclado;27
dropzone;12
contact-form-7;15
sweetalert;46
autoincremento;4
offset;6
nfc;11
pyqt4;29
uml;35
font-awesome;42
bootstrap-3;106
pago-in-app;6
struct;43
slim;30
android-context;9
color;49
clase-anidada;7
web.config;23
sftp;13
ireport;61
axis;11
saml;4
macros;94
jackson;15
stored-procedure;279
broadcastreceiver;20
captcha;30
mechanize;5
constexpr;3
cpanel;53
query;418
babel;12
grub2;3
random;99
insert;117
checkbox;137
fortran;11
animated;8
sintaxis;34
redux;45
flux;3
sql-server-2014;78
ddd;6
c++.net;3
at¢mico;1
clips;1
elasticsearch;24
browserify;4
timeout;20
customadapter;12
filezilla;16
cron;41
jframe;148
instagram;8
id3;3
click;31
jmenubar;6
pivot;38
django-urls;46
schedule;13
radiobutton;55
radiogroup;6
mercadopago;179
opengl;35
jtable;114
slider;58
intentservice;6
c3p0;1
cassandra;15
mysql-workbench;222
jtextfield;43
google-documentos;7
java-util-scanner;20
teradata;7
ng-repeat;18
fetch;61
picasso;12
servidor;398
hosting;105
observable;24
data;58
mercadolibre;17
arraylist;266
function;110
visual-studio-2008;7
chart.js;115
ionic2;113
uitableviewcell;6
jsoup;14
wordpress-imagenes;9
sobrecarga-de-operadores;18
csh;2
timer;40
views;18
graphql;26
filesystem;28
screen;13
mac;40
wamp;56
video;81
spinner;58
pdfbox2.0;2
compilar;42
gcc;37
iframe;68
biometrico;4
dominio;60
jar;28
google-sites;7
fragment;94
cluster;12
computadora;3
android-listview;66
postgis;8
idioma;19
asynctask;21
google-search-console;12
google-static-maps;1
google-geocoding-api;5
rxjava;5
app.config;15
prepared-statements;30
formato;69
animate.css;6
objeto;94
xubuntu;13
hyperlink;4
es6;36
recursi¢n;77
letsencrypt;8
n£meros-enteros;14
puntero-a-funci¢n;8
refactoring;4
upload;38
autonumeric;3
apk;52
iptables;14
touchid;2
sqlplus;9
videojs;10
estructuras;36
gimp;2
neodatis;5
gitlab;46
modular;9
angular-material;43
apache2;105
adapter;36
mocha;10
pruebas-unitarias;38
concat;9
funci¢n-personalizada;9
pug;25
endpoint;10
rdp;2
cifrado;9
sha1;12
ejs;13
gnu;8
aforge;7
nullpointerexception;68
slim3;9
while;153
if;122
programaci¢n-bajo-nivel;35
github-pages;7
sql-server-2016;10
ssl;91
virtualhost;44
blogger;16
ssh;81
jquery-3;3
newlisp;2
pyserial;15
eloquent;322
shiny;21
numberpicker;4
hive;5
contenedores;16
boolean;7
geocodificaci¢n;4
bucle-for;241
touch;10
tabla-din mica;29
ciencia-de-datos;9
coda;1
rutas;124
firebug;1
epub;1
lumen;33
mkdir;6
group-by;39
amazon-s3;16
tipograf¡a;33
google-oauth;9
composer;79
struts2;19
migration;43
php5;207
php7;320
php-cli;2
notepad++;12
opencv;102
javazoom;1
vuex;65
windows-server;40
windows-server-2012;44
pseudoc¢digo;11
system.js;5
make;7
bootstrap-4;286
plpgsql;11
android-service;15
g-suite;3
sql-server-ce;4
modernizr;2
passport;31
seeders;6
rstudio;98
f¢rmulas-de-matriz;9
internet-explorer-8;4
datos-abiertos;2
projectserver;1
visual-foxpro;15
foxpro;10
activerecord;16
bing-search;2
cmake;8
jasper;27
certificado-ssl;51
l¡nea-de-comandos;32
angular-cli;41
wordpress-plugin;111
payload;2
terminal;79
datagrid;147
chai;6
dynamodb;10
vb6;72
python-requests;56
clone;9
sqldf;1
keystore;9
phpword;17
tiff;2
contrase¤a;22
xsl;26
font-faces;3
sfml;11
theme;6
bison;2
camtasia;1
amp;12
networking;25
sprintf;4
annotation;11
enlazado;4
actionscript;6
discord.py;4
imagen;438
android-toast;10
webix;5
es2016;4
c++17;6
bootstrap-switch;2
casio;1
basic;7
argparse;3
imap;8
pipe;20
fcm;16
push;27
android-m;2
greendao;3
wsdl;43
visual-studio-2017;284
illustrator;3
select;314
audio-manager;8
mensajes;15
owl;8
access-control;5
pentaho;12
ms-access-2013;15
ms-access-2007;7
mdb;6
kitkat;4
design;15
raspberry-pi;87
google-play-console;19
easeljs;1
createjs;1
box-shadow;2
validaciones;7
inspinia;3
android-notifications;33
type;10
text;36
vi;4
kotlin;181
mapbox;15
tcl;1
ksh;3
devise;17
aeat-sii;36
crud;79
onclick;40
sonido;10
play;3
android-settings;3
silverlight;3
telegram;30
atributos;19
pilas;54
d;1
particles;4
rpm;2
smarty;8
chrome;53
ramas-git;7
diccionarios;99
ogre;11
bluej;9
sitemap;9
fos-user-bundle;3
google-signin;5
kibana;4
fuentes;6
angular-datatables;21
semantic-ui;20
qrcode;24
datatable;128
mime;12
google-maps-v3;29
tooltip;14
robots.txt;9
ionic-framework;94
onesignal;8
cardview;22
build.gradle;38
iphone;58
richtextbox;3
filewriter;16
universal-image-loader;2
out-of-memory-error;22
beautifulsoup;34
sylius;4
formdata;10
db2;16
pyside;6
asp.net-mvc-4;21
cv2;13
responsive;101
rvest;4
vistas-materializadas;2
google-chrome-app;4
fragmentpageradapter;2
scanf;14
undefined;31
sfinae;3
evaluaci¢n;3
float;40
git-merge;11
sms;25
redes-sociales;9
tinyurl;1
excel-2010;10
mediaqueries;29
netlogo;2
autohotkey;2
excel-2013;15
entity-framework-core;38
gitignore;8
bufferedimage;8
innosetup;3
wxwidgets;10
flashback;1
ibm-bluemix;4
youtube-api;21
subconsultas;43
b£fer;2
stdout;2
operador-de-conversi¢n;4
mp3;6
operador-incremento;3
operador-ternario;5
computaci¢n-cu ntica;2
mouse;7
ip;38
inno-setup;10
pascalscript;5
carbon;29
link;26
script;256
href;26
src;8
pixijs;3
neo4j;12
junit;47
sizeof;4
padding;3
brackets;9
pls;2
tumblr;1
urlencoding;4
angularjs-4.0;3
nmap;2
ld;1
parser;7
leaflet;30
time;49
disqus;1
packages;22
symfony;143
dql;12
cors;54
angulajs;5
vsts;5
visual-studio-code;47
get;73
xamarin.android;80
java-money;2
hack;3
procesos-en-segundo-plano;15
arquitectura-de-software;11
glide;11
couchbase;3
vuforia;10
fibonacci;13
mediaplayer;21
countdowntimer;4
google-search;6
google-adsense;7
administraci¢n-de-software;8
vichuploaderbundle;2
fileupload;71
contador;27
.net-core;45
fpdf;85
wizard;5
component;37
cobol;7
clob;4
windows7;9
splash;3
adminer;3
file;31
zkemkeeper;4
polimorfismo;19
complejidad;10
operadores;6
ionic3;166
bot¢n;190
sonar;15
atajo;5
grunt;7
task-runner;4
notificaciones;28
pkg;2
behat;2
tdd;3
delphi-berlin;9
restsharp;12
wordpress-widget;5
webtoken;6
pwa;10
bonita;9
report;24
dynamics-crm;4
reporting;11
crm;5
certificado-apple;6
rdlc;13
puntero-a-miembro;2
hash;35
sha256;6
itunes-connect;3
war;10
dise¤o-de-clases;36
shell-script;68
plesk;15
vps;26
mongod;9
debian-9;18
webapi;26
tibble;1
hover;28
jstree;5
sweetalert2;18
pyspark;18
smtp;40
buenas-pr cticas;41
progressdialog;6
dropzone.js;8
qr;11
onclicklistener;15
tar;6
raspbian;23
vb;86
angular4;95
google-spreadsheets;4
crahslytics;2
google-fabric;1
form-submit;11
rjava;3
erlang;2
three.js;7
pst;1
hardware;13
nextcloud;2
android-gridview;3
config;8
percentil;2
filtro;41
build;19
derby;7
datarow;5
dataset;33
sqllite;7
selenium-webdriver;63
github-desktop;4
hadoop;11
push.js;2
class;73
icons;19
ram;7
geojson;15
ftpclient;6
lighttpd;3
sybase;12
submit;15
print;42
jobs;26
openxml;6
godaddy;19
reactstrap;6
linearlayout;6
jmeter;16
test;53
xamarin-studio;3
capybara;4
constraint-layout;5
conjuntos;5
else;23
audio;46
bootstrap-table;8
qlineedit;3
multipart;5
hbase;2
zookeeper;1
foreach;95
mvp;3
gd;7
mpi;5
google-chart-api;30
android-recyclerview;22
substr;4
activemq;4
vala;8
selectores;19
in-array;4
adobe-flash;2
enlaces-ancla;7
sql-server-express;8
usercontrol;17
volley;34
ventana;22
jquery-mask-plugin;3
osb;2
nav;19
git-add;2
xdebug;16
rectangle;3
vhdl;1
phpunit;11
symfony4;54
netbeans-8.2;140
net;22
blockchain;9
onkeypress;5
onkeyup;4
mysqlconnector;25
mysqlconnector.jar;6
radio;10
dropdownlist;39
onkey;2
uri;10
diff;6
updatepanel;7
stripe;2
active;2
margin;4
phpspreadsheet;19
textarea;12
li;3
show;8
hide;4
gunicorn;5
virtualenv;10
centos7;30
imprimir;29
impresora;12
jython;3
tpv;3
error404;30
certificado;22
nativescript;24
keypressevent;7
gdb;4
reportviewerreporte;3
fstream;9
innodb;14
myisam;4
b£squeda-monte-carlo;2
font-size;5
identity;19
django-templates;23
listbox;14
stack;10
heap;3
interface;23
cloud;22
apigoogle;9
primeng;10
exchangewebservices;6
spool;2
google-distancematrix-api;1
google-api;124
chromedriver;12
titanium;1
rtf;4
powerquery;4
powerbi;26
logger;11
powerpivot;4
orgchart;2
genericos;16
propel;2
html-tabla;80
slf4j;3
angular5;204
html-select;41
html-correo;3
keras;18
xslt;23
xsd;19
xml-schema;9
translate;5
css-grid-layout;23
zxing;10
game-maker;3
git-bash;9
sympy;9
zeep;8
imacros;2
git-flow;6
swift4;77
toad;7
django-views;26
gorm;3
travis-ci;3
nyc;1
mochajs;2
code-first;13
sensor;3
referer;3
google-apps-script-html-service;8
phaser.io;3
cshtml;15
lampp;5
android-spinner;13
maxima;7
jodatime;3
simple-html-dom;9
fputcsv;8
bazel;3
google-sheets;2
mysqldb;18
git-clone;2
yml;3
mips32;5
angular;1331
formato-condicional;6
fopen;8
uikit-3;4
jstl;16
spire;2
taglib;3
eclipse-oxygen;17
django-class-based-views;5
bootstrap-vue;10
ecmascript-6;72
ecmascript-7;6
bootstrap-timepicker;2
hoja-de-c lculo-tabla-din mica;10
dompdf;48
postman;38
posix;2
libreoffice-calc;7
google-cloud-firestore;53
tfs;5
android-bottom-nav-view;6
r-dplyr;14
oracleforms;5
laravel-mix;10
datetimepicker;27
trello;4
genexus15;24
udev;2
usb;18
sugarcrm;2
phpstorm;4
update;88
crystal-lang;3
guzzle;10
viewchild;3
elementref;2
bucles;171
veevalidate;4
machine-learning;29
emulaci¢n;10
import;23
boostraptable;20
b£squedas;34
haml;2
gr ficas;29
porcentaje;8
consulta;96
text-mining;3
supportmapfragment;3
tomee;2
intellij-idea;24
distinct;8
imagemagick;4
drupal8;11
pentaho-spoon;8
sheetjs;5
android-manifest;10
react-navigation;22
f#;2
aspx;32
android-navigationview;4
axml;2
rasa-nlu;8
wget;9
ascx;2
ejecutar;12
rasa-core;7
sql-server-2017;14
singleton;8
relaciones;44
logica;19
modelorelacional;26
tablas;71
serialport;30
solidity;4
caracteres;32
mailer;3
regresi¢n-lineal;8
localhost;44
paginaci¢n;48
xdocument;6
salsa;1
consulta-sql;98
decoradores;9
tesseract;4
tcpdf;17
openshift-origin;1
html2pdf;10
integer;8
spa;5
artisan;15
delphi-tokyo;8
librer¡a;28
maatwebsite;8
genexusxev3;2
null;32
axios;76
latino;1
docker-machine;5
backgroundworker;9
qt-designer;5
carousel;16
as3;1
flex;11
react-redux;13
qtablewidget;6
bokeh;3
simplexlsx;3
floating-action-button;3
nltk;6
math;13
qmainwindow;2
opensuse;4
querybuilder;8
mysql-sever;2
fabric;2
msdos;11
content-provider;3
indy;3
instalacion;17
prestashop1.7;22
scikit-learn;8
each;5
epplus;10
parallax;2
procesamiento-de-texto;6
notification;6
blade;21
flutter;120
jbutton;10
jdatechooser;7
qgridlayout;3
plantillas-de-texto;2
cx-freeze;6
filter;28
word-embedding;1
google-app-maker;4
solaris;2
img;21
wireframe;1
expo;14
plantuml;2
linux-mint;14
linuxmint;3
abogado-del-lenguaje;3
daterangepicker;2
substring;15
teor¡a-de-grafos;8
spacy;5
dart;50
amazon;13
n£meros-primos;6
numberformat;5
store;7
angular6;128
winrar;3
jsonobject;36
jsonarray;27
ia;9
gpu;5
setcookie;6
firebase-messaging;16
pygal;3
cuda;2
textbox;17
apex;8
rxjs;26
validation;12
preg-match;10
cadenas;21
cakephp-3.x;12
jax-rs;8
vmwclarity;3
chocolatey;2
activex;4
android-pie;4
timepicker;3
jhipster;14
kubernetes;11
jsdoc;1
task;10
phaser;5
amazon-web-services;6
oracle-12c;23
async;23
navbar;22
selectores-css;11
reactive-programing;4
remote-view;3
mqtt;3
sqltabledependency;2
division;2
pair;2
android-adapter;7
lenguaje-marcado;2
set;3
google-photos;2
cronjobs;8
tiddlywiki;1
python-3.7;32
gulp-4;5
netbeans-9;2
ngfor;5
java-7;3
angular7;112
diagrama-er;4
html5-datalist;2
yum;2
swift-mailer;2
logcat;3
innerhtml;6
internal;2
netbeans-plugins;1
netbeans-8.1;6
netbeans-8.0;4
scenebuilder;15
controlsfx;1
javafx-css;4
vue2-google-map;4
gmap-autocomplete;2
jaxb;10
jdom;1
fasterxml;1
octave;7
gnuplot;2
gitlab-ci;4
recaptcha;12
google-query-language;2
asyncio;4
samsung;3
bootstrap-tags-input;6
appveyor;2
xhtml2pdf;2
angular-router;5
alexa;3
ask-sdk;3
dapper;3
pyomo;2
tarea;8
sas;3
yarn;5
uipath;1
sh;3
google-data-studio;2
multer;10
msg;1
graphviz;1
alertify;5
doctest;2
windowsce;3
red-hat;7
jdeveloper;2
flask-wtf;2
sharpdevelop;3
android-viewmodel;5
android-room;2
xamarin.ios;8
rhel;2
vmware;7
clausuras;8
concatenaci¢n;13
c lculo-relacional;2
metodolog¡a;3
compilaci¢n-cruzada;2
ofuscaci¢n;7
vuetify;15
predicci¢n;2
agrupaci¢n;5
scrollbar;6
messagebox;4
laravelcollective;7
androidx;5
apdu;2
punteros-inteligentes;1
knex;8
bitconverter;2
gcloud;3
exists;2
say-cheese;1
allegro;4
tracking;2
url-encode;1
handlebars;7
uiview;1
lindenscriptinglanguage;1
bcryptjs;2
cut;3
puppeteer;7
service-workers;3
g1;1
options;5
grafana;1
api-fluent;1
pydub;1
squirrel;1
guardar;6
temp;1
charts;8
dojo2;2
fs;3
rsa;4
simplexml;2
nodos;2
pagination;3
ionic4;59
payu;6
qt5;3
bouncycastle;1
smime;1
espacio-de-nombres;1
javasound;2
qmake;3
ordenacion;1
polyfill;2
serializacion;2
aria;1
lector-de-pantalla;1
findbugs;1
silex;1
optional;2
fastreport;1
openpyxl;7
prism;2
ngx-admin;2
delegados;1
passport-google-plus-token;1
java-10;1
netbeans-11;6
javac;1
nvm;3
jni;5
filemaker;1
jcreator;1
icollectionview;1
applet;3
git-tag;3
java-11;5
terraform;1
mpi4py;2
xquery;2
protractor;1
host;5
vtex;1
wxpython;3
dialog-fragment;5
theano;1
java-2d;1
subclases;1
ciclo-de-vida;1
comportamiento-indefinido;1
openpay;2
ebay-api;1
datalist;2
c++builder;4
dagger2;1
javarx;1
jax-ws;2
busqueda;6
php-formatter;1
jquerty;1
exec;4
bem;1
autocomplete;8
fastmm;1
requests;3
ph;1
table;7
informatica-power-center;1
ipc;1
faker;1
avro;1
dataframe;17
apache-nifi;4
visual-studio-2019;10
pytesseract;3
ansible;2
p5js;1
mail;3
pysimplegui;2
java-awt;1
phantomjs;3
httacces;1
reactphp;1
signature;3
nonce;1
colecciones;3
collect;1
scriptmanager;1
telegram-bot;1
jepp;1
sikuli;1
laravel-5.7;4
laravel-echo;1
jnlp;2
xamarinforms;2
android-espresso;1
lit-element;1
lit-html;1
web-components;1
apache-ofbiz;1
cisco;1
generador;1
headers;3
sonarqube;1
tls;1
playframework;3
vlcj;4
android-security;1
mybb;1
defontana;1
stacktable;1
javascript-objeto;10
regedit;1
apache-cordova;2
alert;3
magento;1
liquid;1
android-button;2
swagger-ui;1
oracle-8i;1
socketcluster;1
facebook-graph-api;2
actualizacion;2
rxdart;1
modalform;1
slide;3
debug;1
relative;1
transact-sql;2
enzyme;1
jestjs;2
animacion;2
transicion;3
processing;1
validators.required;1
async-await;6
incubator;1
microsoft;4
graph;1
visual-basic-for-applications;2
appybuilder;1
ext.net;1
fondo;1
vsftp;1
quagga.js;1
dfa;1
nfa;1
automatas;1
java-12;1
traduccion;1
mockito;6
junit-5;2
jamon;1
log4j2;1
jemmy;1
express-validator;1
pymongo;1
cleardb;1
criteria;1
animation;2
transition;1
electron-build;1
firebase-auth;2
firebaseui;1
blazor;1
pop;1
idle;1
refrescar;1
parametros;5
vuejs;7
pyshark;1
uinity;1
read;1
system;1
epson;1
aspnet;1
h2;4
impala;1
resttemplate;2
jpql;7
criteria-api;1
eclipselink;1
jflex;4
cup;1
dropwizard;3
jacoco-maven-plugin;1
single-sign-on;3
openjpa;2
antlr;1
jcup;1
fnmatch;1
html2canvas;2
coolbeans;1
procedimiento;1
codacy;1
jacoco;1
owin;1
attached-properties;1
jcalendar;1
directivas;2
angular8;1
tinker;1
appium;1
currency;1
postfix;1
dovecot;1
c++20;1
conceptos;1
datagridview;2
cropperjs;1
pyodbc;1
cpan;1
